# system info SistemaEmbarcadoRansac_tb on 2023.06.28.01:25:22
system_info:
name,value
DEVICE,EP4CE115F29C7
DEVICE_FAMILY,Cyclone IV E
GENERATION_ID,1687926314
#
#
# Files generated for SistemaEmbarcadoRansac_tb on 2023.06.28.01:25:22
files:
filepath,kind,attributes,module,is_top
SistemaEmbarcadoRansac/testbench/SistemaEmbarcadoRansac_tb/simulation/SistemaEmbarcadoRansac_tb.v,VERILOG,,SistemaEmbarcadoRansac_tb,true
SistemaEmbarcadoRansac/testbench/SistemaEmbarcadoRansac_tb/simulation/submodules/SistemaEmbarcadoRansac.v,VERILOG,,SistemaEmbarcadoRansac,false
SistemaEmbarcadoRansac/testbench/SistemaEmbarcadoRansac_tb/simulation/submodules/verbosity_pkg.sv,SYSTEM_VERILOG, COMMON_SYSTEMVERILOG_PACKAGE=avalon_vip_verbosity_pkg,altera_avalon_clock_source,false
SistemaEmbarcadoRansac/testbench/SistemaEmbarcadoRansac_tb/simulation/submodules/altera_avalon_clock_source.sv,SYSTEM_VERILOG,,altera_avalon_clock_source,false
SistemaEmbarcadoRansac/testbench/SistemaEmbarcadoRansac_tb/simulation/submodules/verbosity_pkg.sv,SYSTEM_VERILOG, COMMON_SYSTEMVERILOG_PACKAGE=avalon_vip_verbosity_pkg,altera_conduit_bfm,false
SistemaEmbarcadoRansac/testbench/SistemaEmbarcadoRansac_tb/simulation/submodules/altera_conduit_bfm.sv,SYSTEM_VERILOG,,altera_conduit_bfm,false
SistemaEmbarcadoRansac/testbench/SistemaEmbarcadoRansac_tb/simulation/submodules/verbosity_pkg.sv,SYSTEM_VERILOG, COMMON_SYSTEMVERILOG_PACKAGE=avalon_vip_verbosity_pkg,altera_avalon_reset_source,false
SistemaEmbarcadoRansac/testbench/SistemaEmbarcadoRansac_tb/simulation/submodules/altera_avalon_reset_source.sv,SYSTEM_VERILOG,,altera_avalon_reset_source,false
SistemaEmbarcadoRansac/testbench/SistemaEmbarcadoRansac_tb/simulation/submodules/verbosity_pkg.sv,SYSTEM_VERILOG, COMMON_SYSTEMVERILOG_PACKAGE=avalon_vip_verbosity_pkg,altera_conduit_bfm_0002,false
SistemaEmbarcadoRansac/testbench/SistemaEmbarcadoRansac_tb/simulation/submodules/altera_conduit_bfm_0002.sv,SYSTEM_VERILOG,,altera_conduit_bfm_0002,false
SistemaEmbarcadoRansac/testbench/SistemaEmbarcadoRansac_tb/simulation/submodules/SistemaEmbarcadoRansac_MemoriaDados.hex,HEX,,SistemaEmbarcadoRansac_MemoriaDados,false
SistemaEmbarcadoRansac/testbench/SistemaEmbarcadoRansac_tb/simulation/submodules/SistemaEmbarcadoRansac_MemoriaDados.v,VERILOG,,SistemaEmbarcadoRansac_MemoriaDados,false
SistemaEmbarcadoRansac/testbench/SistemaEmbarcadoRansac_tb/simulation/submodules/SistemaEmbarcadoRansac_MemoriaPrograma.hex,HEX,,SistemaEmbarcadoRansac_MemoriaPrograma,false
SistemaEmbarcadoRansac/testbench/SistemaEmbarcadoRansac_tb/simulation/submodules/SistemaEmbarcadoRansac_MemoriaPrograma.v,VERILOG,,SistemaEmbarcadoRansac_MemoriaPrograma,false
SistemaEmbarcadoRansac/testbench/SistemaEmbarcadoRansac_tb/simulation/submodules/SistemaEmbarcadoRansac_Processador.v,VERILOG,,SistemaEmbarcadoRansac_Processador,false
SistemaEmbarcadoRansac/testbench/SistemaEmbarcadoRansac_tb/simulation/submodules/Sender_Function.v,VERILOG,,Sender_Interface,false
SistemaEmbarcadoRansac/testbench/SistemaEmbarcadoRansac_tb/simulation/submodules/Sender_Interface.v,VERILOG,,Sender_Interface,false
SistemaEmbarcadoRansac/testbench/SistemaEmbarcadoRansac_tb/simulation/submodules/SistemaEmbarcadoRansac_jtag_uart.v,VERILOG,,SistemaEmbarcadoRansac_jtag_uart,false
SistemaEmbarcadoRansac/testbench/SistemaEmbarcadoRansac_tb/simulation/submodules/SistemaEmbarcadoRansac_parallel_port.v,VERILOG,,SistemaEmbarcadoRansac_parallel_port,false
SistemaEmbarcadoRansac/testbench/SistemaEmbarcadoRansac_tb/simulation/submodules/SistemaEmbarcadoRansac_mm_interconnect_0.v,VERILOG,,SistemaEmbarcadoRansac_mm_interconnect_0,false
SistemaEmbarcadoRansac/testbench/SistemaEmbarcadoRansac_tb/simulation/submodules/SistemaEmbarcadoRansac_irq_mapper.sv,SYSTEM_VERILOG,,SistemaEmbarcadoRansac_irq_mapper,false
SistemaEmbarcadoRansac/testbench/SistemaEmbarcadoRansac_tb/simulation/submodules/altera_reset_controller.v,VERILOG,,altera_reset_controller,false
SistemaEmbarcadoRansac/testbench/SistemaEmbarcadoRansac_tb/simulation/submodules/altera_reset_synchronizer.v,VERILOG,,altera_reset_controller,false
SistemaEmbarcadoRansac/testbench/SistemaEmbarcadoRansac_tb/simulation/submodules/altera_reset_controller.sdc,SDC,,altera_reset_controller,false
SistemaEmbarcadoRansac/testbench/SistemaEmbarcadoRansac_tb/simulation/submodules/SistemaEmbarcadoRansac_Processador_cpu.sdc,SDC,,SistemaEmbarcadoRansac_Processador_cpu,false
SistemaEmbarcadoRansac/testbench/SistemaEmbarcadoRansac_tb/simulation/submodules/SistemaEmbarcadoRansac_Processador_cpu.v,VERILOG,,SistemaEmbarcadoRansac_Processador_cpu,false
SistemaEmbarcadoRansac/testbench/SistemaEmbarcadoRansac_tb/simulation/submodules/SistemaEmbarcadoRansac_Processador_cpu_debug_slave_sysclk.v,VERILOG,,SistemaEmbarcadoRansac_Processador_cpu,false
SistemaEmbarcadoRansac/testbench/SistemaEmbarcadoRansac_tb/simulation/submodules/SistemaEmbarcadoRansac_Processador_cpu_debug_slave_tck.v,VERILOG,,SistemaEmbarcadoRansac_Processador_cpu,false
SistemaEmbarcadoRansac/testbench/SistemaEmbarcadoRansac_tb/simulation/submodules/SistemaEmbarcadoRansac_Processador_cpu_debug_slave_wrapper.v,VERILOG,,SistemaEmbarcadoRansac_Processador_cpu,false
SistemaEmbarcadoRansac/testbench/SistemaEmbarcadoRansac_tb/simulation/submodules/SistemaEmbarcadoRansac_Processador_cpu_nios2_waves.do,OTHER,,SistemaEmbarcadoRansac_Processador_cpu,false
SistemaEmbarcadoRansac/testbench/SistemaEmbarcadoRansac_tb/simulation/submodules/SistemaEmbarcadoRansac_Processador_cpu_ociram_default_contents.dat,DAT,,SistemaEmbarcadoRansac_Processador_cpu,false
SistemaEmbarcadoRansac/testbench/SistemaEmbarcadoRansac_tb/simulation/submodules/SistemaEmbarcadoRansac_Processador_cpu_ociram_default_contents.hex,HEX,,SistemaEmbarcadoRansac_Processador_cpu,false
SistemaEmbarcadoRansac/testbench/SistemaEmbarcadoRansac_tb/simulation/submodules/SistemaEmbarcadoRansac_Processador_cpu_ociram_default_contents.mif,MIF,,SistemaEmbarcadoRansac_Processador_cpu,false
SistemaEmbarcadoRansac/testbench/SistemaEmbarcadoRansac_tb/simulation/submodules/SistemaEmbarcadoRansac_Processador_cpu_rf_ram_a.dat,DAT,,SistemaEmbarcadoRansac_Processador_cpu,false
SistemaEmbarcadoRansac/testbench/SistemaEmbarcadoRansac_tb/simulation/submodules/SistemaEmbarcadoRansac_Processador_cpu_rf_ram_a.hex,HEX,,SistemaEmbarcadoRansac_Processador_cpu,false
SistemaEmbarcadoRansac/testbench/SistemaEmbarcadoRansac_tb/simulation/submodules/SistemaEmbarcadoRansac_Processador_cpu_rf_ram_a.mif,MIF,,SistemaEmbarcadoRansac_Processador_cpu,false
SistemaEmbarcadoRansac/testbench/SistemaEmbarcadoRansac_tb/simulation/submodules/SistemaEmbarcadoRansac_Processador_cpu_rf_ram_b.dat,DAT,,SistemaEmbarcadoRansac_Processador_cpu,false
SistemaEmbarcadoRansac/testbench/SistemaEmbarcadoRansac_tb/simulation/submodules/SistemaEmbarcadoRansac_Processador_cpu_rf_ram_b.hex,HEX,,SistemaEmbarcadoRansac_Processador_cpu,false
SistemaEmbarcadoRansac/testbench/SistemaEmbarcadoRansac_tb/simulation/submodules/SistemaEmbarcadoRansac_Processador_cpu_rf_ram_b.mif,MIF,,SistemaEmbarcadoRansac_Processador_cpu,false
SistemaEmbarcadoRansac/testbench/SistemaEmbarcadoRansac_tb/simulation/submodules/SistemaEmbarcadoRansac_Processador_cpu_test_bench.v,VERILOG,,SistemaEmbarcadoRansac_Processador_cpu,false
SistemaEmbarcadoRansac/testbench/SistemaEmbarcadoRansac_tb/simulation/submodules/altera_merlin_master_translator.sv,SYSTEM_VERILOG,,altera_merlin_master_translator,false
SistemaEmbarcadoRansac/testbench/SistemaEmbarcadoRansac_tb/simulation/submodules/altera_merlin_slave_translator.sv,SYSTEM_VERILOG,,altera_merlin_slave_translator,false
SistemaEmbarcadoRansac/testbench/SistemaEmbarcadoRansac_tb/simulation/submodules/altera_merlin_master_agent.sv,SYSTEM_VERILOG,,altera_merlin_master_agent,false
SistemaEmbarcadoRansac/testbench/SistemaEmbarcadoRansac_tb/simulation/submodules/altera_merlin_slave_agent.sv,SYSTEM_VERILOG,,altera_merlin_slave_agent,false
SistemaEmbarcadoRansac/testbench/SistemaEmbarcadoRansac_tb/simulation/submodules/altera_merlin_burst_uncompressor.sv,SYSTEM_VERILOG,,altera_merlin_slave_agent,false
SistemaEmbarcadoRansac/testbench/SistemaEmbarcadoRansac_tb/simulation/submodules/altera_avalon_sc_fifo.v,VERILOG,,altera_avalon_sc_fifo,false
SistemaEmbarcadoRansac/testbench/SistemaEmbarcadoRansac_tb/simulation/submodules/SistemaEmbarcadoRansac_mm_interconnect_0_router.sv,SYSTEM_VERILOG,,SistemaEmbarcadoRansac_mm_interconnect_0_router,false
SistemaEmbarcadoRansac/testbench/SistemaEmbarcadoRansac_tb/simulation/submodules/SistemaEmbarcadoRansac_mm_interconnect_0_router_001.sv,SYSTEM_VERILOG,,SistemaEmbarcadoRansac_mm_interconnect_0_router_001,false
SistemaEmbarcadoRansac/testbench/SistemaEmbarcadoRansac_tb/simulation/submodules/SistemaEmbarcadoRansac_mm_interconnect_0_router_002.sv,SYSTEM_VERILOG,,SistemaEmbarcadoRansac_mm_interconnect_0_router_002,false
SistemaEmbarcadoRansac/testbench/SistemaEmbarcadoRansac_tb/simulation/submodules/SistemaEmbarcadoRansac_mm_interconnect_0_router_006.sv,SYSTEM_VERILOG,,SistemaEmbarcadoRansac_mm_interconnect_0_router_006,false
SistemaEmbarcadoRansac/testbench/SistemaEmbarcadoRansac_tb/simulation/submodules/SistemaEmbarcadoRansac_mm_interconnect_0_cmd_demux.sv,SYSTEM_VERILOG,,SistemaEmbarcadoRansac_mm_interconnect_0_cmd_demux,false
SistemaEmbarcadoRansac/testbench/SistemaEmbarcadoRansac_tb/simulation/submodules/SistemaEmbarcadoRansac_mm_interconnect_0_cmd_demux_001.sv,SYSTEM_VERILOG,,SistemaEmbarcadoRansac_mm_interconnect_0_cmd_demux_001,false
SistemaEmbarcadoRansac/testbench/SistemaEmbarcadoRansac_tb/simulation/submodules/SistemaEmbarcadoRansac_mm_interconnect_0_cmd_mux.sv,SYSTEM_VERILOG,,SistemaEmbarcadoRansac_mm_interconnect_0_cmd_mux,false
SistemaEmbarcadoRansac/testbench/SistemaEmbarcadoRansac_tb/simulation/submodules/altera_merlin_arbitrator.sv,SYSTEM_VERILOG,,SistemaEmbarcadoRansac_mm_interconnect_0_cmd_mux,false
SistemaEmbarcadoRansac/testbench/SistemaEmbarcadoRansac_tb/simulation/submodules/SistemaEmbarcadoRansac_mm_interconnect_0_cmd_mux_004.sv,SYSTEM_VERILOG,,SistemaEmbarcadoRansac_mm_interconnect_0_cmd_mux_004,false
SistemaEmbarcadoRansac/testbench/SistemaEmbarcadoRansac_tb/simulation/submodules/altera_merlin_arbitrator.sv,SYSTEM_VERILOG,,SistemaEmbarcadoRansac_mm_interconnect_0_cmd_mux_004,false
SistemaEmbarcadoRansac/testbench/SistemaEmbarcadoRansac_tb/simulation/submodules/SistemaEmbarcadoRansac_mm_interconnect_0_rsp_demux.sv,SYSTEM_VERILOG,,SistemaEmbarcadoRansac_mm_interconnect_0_rsp_demux,false
SistemaEmbarcadoRansac/testbench/SistemaEmbarcadoRansac_tb/simulation/submodules/SistemaEmbarcadoRansac_mm_interconnect_0_rsp_mux.sv,SYSTEM_VERILOG,,SistemaEmbarcadoRansac_mm_interconnect_0_rsp_mux,false
SistemaEmbarcadoRansac/testbench/SistemaEmbarcadoRansac_tb/simulation/submodules/altera_merlin_arbitrator.sv,SYSTEM_VERILOG,,SistemaEmbarcadoRansac_mm_interconnect_0_rsp_mux,false
SistemaEmbarcadoRansac/testbench/SistemaEmbarcadoRansac_tb/simulation/submodules/SistemaEmbarcadoRansac_mm_interconnect_0_rsp_mux_001.sv,SYSTEM_VERILOG,,SistemaEmbarcadoRansac_mm_interconnect_0_rsp_mux_001,false
SistemaEmbarcadoRansac/testbench/SistemaEmbarcadoRansac_tb/simulation/submodules/altera_merlin_arbitrator.sv,SYSTEM_VERILOG,,SistemaEmbarcadoRansac_mm_interconnect_0_rsp_mux_001,false
SistemaEmbarcadoRansac/testbench/SistemaEmbarcadoRansac_tb/simulation/submodules/SistemaEmbarcadoRansac_mm_interconnect_0_avalon_st_adapter.v,VERILOG,,SistemaEmbarcadoRansac_mm_interconnect_0_avalon_st_adapter,false
SistemaEmbarcadoRansac/testbench/SistemaEmbarcadoRansac_tb/simulation/submodules/SistemaEmbarcadoRansac_mm_interconnect_0_avalon_st_adapter_error_adapter_0.sv,SYSTEM_VERILOG,,SistemaEmbarcadoRansac_mm_interconnect_0_avalon_st_adapter_error_adapter_0,false
#
# Map from instance-path to kind of module
instances:
instancePath,module
SistemaEmbarcadoRansac_tb.SistemaEmbarcadoRansac_inst,SistemaEmbarcadoRansac
SistemaEmbarcadoRansac_tb.SistemaEmbarcadoRansac_inst.MemoriaDados,SistemaEmbarcadoRansac_MemoriaDados
SistemaEmbarcadoRansac_tb.SistemaEmbarcadoRansac_inst.MemoriaPrograma,SistemaEmbarcadoRansac_MemoriaPrograma
SistemaEmbarcadoRansac_tb.SistemaEmbarcadoRansac_inst.Processador,SistemaEmbarcadoRansac_Processador
SistemaEmbarcadoRansac_tb.SistemaEmbarcadoRansac_inst.Processador.cpu,SistemaEmbarcadoRansac_Processador_cpu
SistemaEmbarcadoRansac_tb.SistemaEmbarcadoRansac_inst.Sender,Sender_Interface
SistemaEmbarcadoRansac_tb.SistemaEmbarcadoRansac_inst.jtag_uart,SistemaEmbarcadoRansac_jtag_uart
SistemaEmbarcadoRansac_tb.SistemaEmbarcadoRansac_inst.parallel_port,SistemaEmbarcadoRansac_parallel_port
SistemaEmbarcadoRansac_tb.SistemaEmbarcadoRansac_inst.mm_interconnect_0,SistemaEmbarcadoRansac_mm_interconnect_0
SistemaEmbarcadoRansac_tb.SistemaEmbarcadoRansac_inst.mm_interconnect_0.Processador_data_master_translator,altera_merlin_master_translator
SistemaEmbarcadoRansac_tb.SistemaEmbarcadoRansac_inst.mm_interconnect_0.Processador_instruction_master_translator,altera_merlin_master_translator
SistemaEmbarcadoRansac_tb.SistemaEmbarcadoRansac_inst.mm_interconnect_0.jtag_uart_avalon_jtag_slave_translator,altera_merlin_slave_translator
SistemaEmbarcadoRansac_tb.SistemaEmbarcadoRansac_inst.mm_interconnect_0.parallel_port_avalon_parallel_port_slave_translator,altera_merlin_slave_translator
SistemaEmbarcadoRansac_tb.SistemaEmbarcadoRansac_inst.mm_interconnect_0.Sender_avalon_slave_read_translator,altera_merlin_slave_translator
SistemaEmbarcadoRansac_tb.SistemaEmbarcadoRansac_inst.mm_interconnect_0.Sender_avalon_slave_write_translator,altera_merlin_slave_translator
SistemaEmbarcadoRansac_tb.SistemaEmbarcadoRansac_inst.mm_interconnect_0.Processador_debug_mem_slave_translator,altera_merlin_slave_translator
SistemaEmbarcadoRansac_tb.SistemaEmbarcadoRansac_inst.mm_interconnect_0.MemoriaPrograma_s1_translator,altera_merlin_slave_translator
SistemaEmbarcadoRansac_tb.SistemaEmbarcadoRansac_inst.mm_interconnect_0.MemoriaDados_s1_translator,altera_merlin_slave_translator
SistemaEmbarcadoRansac_tb.SistemaEmbarcadoRansac_inst.mm_interconnect_0.Processador_data_master_agent,altera_merlin_master_agent
SistemaEmbarcadoRansac_tb.SistemaEmbarcadoRansac_inst.mm_interconnect_0.Processador_instruction_master_agent,altera_merlin_master_agent
SistemaEmbarcadoRansac_tb.SistemaEmbarcadoRansac_inst.mm_interconnect_0.jtag_uart_avalon_jtag_slave_agent,altera_merlin_slave_agent
SistemaEmbarcadoRansac_tb.SistemaEmbarcadoRansac_inst.mm_interconnect_0.parallel_port_avalon_parallel_port_slave_agent,altera_merlin_slave_agent
SistemaEmbarcadoRansac_tb.SistemaEmbarcadoRansac_inst.mm_interconnect_0.Sender_avalon_slave_read_agent,altera_merlin_slave_agent
SistemaEmbarcadoRansac_tb.SistemaEmbarcadoRansac_inst.mm_interconnect_0.Sender_avalon_slave_write_agent,altera_merlin_slave_agent
SistemaEmbarcadoRansac_tb.SistemaEmbarcadoRansac_inst.mm_interconnect_0.Processador_debug_mem_slave_agent,altera_merlin_slave_agent
SistemaEmbarcadoRansac_tb.SistemaEmbarcadoRansac_inst.mm_interconnect_0.MemoriaPrograma_s1_agent,altera_merlin_slave_agent
SistemaEmbarcadoRansac_tb.SistemaEmbarcadoRansac_inst.mm_interconnect_0.MemoriaDados_s1_agent,altera_merlin_slave_agent
SistemaEmbarcadoRansac_tb.SistemaEmbarcadoRansac_inst.mm_interconnect_0.jtag_uart_avalon_jtag_slave_agent_rsp_fifo,altera_avalon_sc_fifo
SistemaEmbarcadoRansac_tb.SistemaEmbarcadoRansac_inst.mm_interconnect_0.parallel_port_avalon_parallel_port_slave_agent_rsp_fifo,altera_avalon_sc_fifo
SistemaEmbarcadoRansac_tb.SistemaEmbarcadoRansac_inst.mm_interconnect_0.Sender_avalon_slave_read_agent_rsp_fifo,altera_avalon_sc_fifo
SistemaEmbarcadoRansac_tb.SistemaEmbarcadoRansac_inst.mm_interconnect_0.Sender_avalon_slave_write_agent_rsp_fifo,altera_avalon_sc_fifo
SistemaEmbarcadoRansac_tb.SistemaEmbarcadoRansac_inst.mm_interconnect_0.Processador_debug_mem_slave_agent_rsp_fifo,altera_avalon_sc_fifo
SistemaEmbarcadoRansac_tb.SistemaEmbarcadoRansac_inst.mm_interconnect_0.MemoriaPrograma_s1_agent_rsp_fifo,altera_avalon_sc_fifo
SistemaEmbarcadoRansac_tb.SistemaEmbarcadoRansac_inst.mm_interconnect_0.MemoriaDados_s1_agent_rsp_fifo,altera_avalon_sc_fifo
SistemaEmbarcadoRansac_tb.SistemaEmbarcadoRansac_inst.mm_interconnect_0.router,SistemaEmbarcadoRansac_mm_interconnect_0_router
SistemaEmbarcadoRansac_tb.SistemaEmbarcadoRansac_inst.mm_interconnect_0.router_001,SistemaEmbarcadoRansac_mm_interconnect_0_router_001
SistemaEmbarcadoRansac_tb.SistemaEmbarcadoRansac_inst.mm_interconnect_0.router_002,SistemaEmbarcadoRansac_mm_interconnect_0_router_002
SistemaEmbarcadoRansac_tb.SistemaEmbarcadoRansac_inst.mm_interconnect_0.router_003,SistemaEmbarcadoRansac_mm_interconnect_0_router_002
SistemaEmbarcadoRansac_tb.SistemaEmbarcadoRansac_inst.mm_interconnect_0.router_004,SistemaEmbarcadoRansac_mm_interconnect_0_router_002
SistemaEmbarcadoRansac_tb.SistemaEmbarcadoRansac_inst.mm_interconnect_0.router_005,SistemaEmbarcadoRansac_mm_interconnect_0_router_002
SistemaEmbarcadoRansac_tb.SistemaEmbarcadoRansac_inst.mm_interconnect_0.router_008,SistemaEmbarcadoRansac_mm_interconnect_0_router_002
SistemaEmbarcadoRansac_tb.SistemaEmbarcadoRansac_inst.mm_interconnect_0.router_006,SistemaEmbarcadoRansac_mm_interconnect_0_router_006
SistemaEmbarcadoRansac_tb.SistemaEmbarcadoRansac_inst.mm_interconnect_0.router_007,SistemaEmbarcadoRansac_mm_interconnect_0_router_006
SistemaEmbarcadoRansac_tb.SistemaEmbarcadoRansac_inst.mm_interconnect_0.cmd_demux,SistemaEmbarcadoRansac_mm_interconnect_0_cmd_demux
SistemaEmbarcadoRansac_tb.SistemaEmbarcadoRansac_inst.mm_interconnect_0.cmd_demux_001,SistemaEmbarcadoRansac_mm_interconnect_0_cmd_demux_001
SistemaEmbarcadoRansac_tb.SistemaEmbarcadoRansac_inst.mm_interconnect_0.rsp_demux_004,SistemaEmbarcadoRansac_mm_interconnect_0_cmd_demux_001
SistemaEmbarcadoRansac_tb.SistemaEmbarcadoRansac_inst.mm_interconnect_0.rsp_demux_005,SistemaEmbarcadoRansac_mm_interconnect_0_cmd_demux_001
SistemaEmbarcadoRansac_tb.SistemaEmbarcadoRansac_inst.mm_interconnect_0.cmd_mux,SistemaEmbarcadoRansac_mm_interconnect_0_cmd_mux
SistemaEmbarcadoRansac_tb.SistemaEmbarcadoRansac_inst.mm_interconnect_0.cmd_mux_001,SistemaEmbarcadoRansac_mm_interconnect_0_cmd_mux
SistemaEmbarcadoRansac_tb.SistemaEmbarcadoRansac_inst.mm_interconnect_0.cmd_mux_002,SistemaEmbarcadoRansac_mm_interconnect_0_cmd_mux
SistemaEmbarcadoRansac_tb.SistemaEmbarcadoRansac_inst.mm_interconnect_0.cmd_mux_003,SistemaEmbarcadoRansac_mm_interconnect_0_cmd_mux
SistemaEmbarcadoRansac_tb.SistemaEmbarcadoRansac_inst.mm_interconnect_0.cmd_mux_006,SistemaEmbarcadoRansac_mm_interconnect_0_cmd_mux
SistemaEmbarcadoRansac_tb.SistemaEmbarcadoRansac_inst.mm_interconnect_0.cmd_mux_004,SistemaEmbarcadoRansac_mm_interconnect_0_cmd_mux_004
SistemaEmbarcadoRansac_tb.SistemaEmbarcadoRansac_inst.mm_interconnect_0.cmd_mux_005,SistemaEmbarcadoRansac_mm_interconnect_0_cmd_mux_004
SistemaEmbarcadoRansac_tb.SistemaEmbarcadoRansac_inst.mm_interconnect_0.rsp_demux,SistemaEmbarcadoRansac_mm_interconnect_0_rsp_demux
SistemaEmbarcadoRansac_tb.SistemaEmbarcadoRansac_inst.mm_interconnect_0.rsp_demux_001,SistemaEmbarcadoRansac_mm_interconnect_0_rsp_demux
SistemaEmbarcadoRansac_tb.SistemaEmbarcadoRansac_inst.mm_interconnect_0.rsp_demux_002,SistemaEmbarcadoRansac_mm_interconnect_0_rsp_demux
SistemaEmbarcadoRansac_tb.SistemaEmbarcadoRansac_inst.mm_interconnect_0.rsp_demux_003,SistemaEmbarcadoRansac_mm_interconnect_0_rsp_demux
SistemaEmbarcadoRansac_tb.SistemaEmbarcadoRansac_inst.mm_interconnect_0.rsp_demux_006,SistemaEmbarcadoRansac_mm_interconnect_0_rsp_demux
SistemaEmbarcadoRansac_tb.SistemaEmbarcadoRansac_inst.mm_interconnect_0.rsp_mux,SistemaEmbarcadoRansac_mm_interconnect_0_rsp_mux
SistemaEmbarcadoRansac_tb.SistemaEmbarcadoRansac_inst.mm_interconnect_0.rsp_mux_001,SistemaEmbarcadoRansac_mm_interconnect_0_rsp_mux_001
SistemaEmbarcadoRansac_tb.SistemaEmbarcadoRansac_inst.mm_interconnect_0.avalon_st_adapter,SistemaEmbarcadoRansac_mm_interconnect_0_avalon_st_adapter
SistemaEmbarcadoRansac_tb.SistemaEmbarcadoRansac_inst.mm_interconnect_0.avalon_st_adapter.error_adapter_0,SistemaEmbarcadoRansac_mm_interconnect_0_avalon_st_adapter_error_adapter_0
SistemaEmbarcadoRansac_tb.SistemaEmbarcadoRansac_inst.mm_interconnect_0.avalon_st_adapter_001,SistemaEmbarcadoRansac_mm_interconnect_0_avalon_st_adapter
SistemaEmbarcadoRansac_tb.SistemaEmbarcadoRansac_inst.mm_interconnect_0.avalon_st_adapter_001.error_adapter_0,SistemaEmbarcadoRansac_mm_interconnect_0_avalon_st_adapter_error_adapter_0
SistemaEmbarcadoRansac_tb.SistemaEmbarcadoRansac_inst.mm_interconnect_0.avalon_st_adapter_002,SistemaEmbarcadoRansac_mm_interconnect_0_avalon_st_adapter
SistemaEmbarcadoRansac_tb.SistemaEmbarcadoRansac_inst.mm_interconnect_0.avalon_st_adapter_002.error_adapter_0,SistemaEmbarcadoRansac_mm_interconnect_0_avalon_st_adapter_error_adapter_0
SistemaEmbarcadoRansac_tb.SistemaEmbarcadoRansac_inst.mm_interconnect_0.avalon_st_adapter_003,SistemaEmbarcadoRansac_mm_interconnect_0_avalon_st_adapter
SistemaEmbarcadoRansac_tb.SistemaEmbarcadoRansac_inst.mm_interconnect_0.avalon_st_adapter_003.error_adapter_0,SistemaEmbarcadoRansac_mm_interconnect_0_avalon_st_adapter_error_adapter_0
SistemaEmbarcadoRansac_tb.SistemaEmbarcadoRansac_inst.mm_interconnect_0.avalon_st_adapter_004,SistemaEmbarcadoRansac_mm_interconnect_0_avalon_st_adapter
SistemaEmbarcadoRansac_tb.SistemaEmbarcadoRansac_inst.mm_interconnect_0.avalon_st_adapter_004.error_adapter_0,SistemaEmbarcadoRansac_mm_interconnect_0_avalon_st_adapter_error_adapter_0
SistemaEmbarcadoRansac_tb.SistemaEmbarcadoRansac_inst.mm_interconnect_0.avalon_st_adapter_005,SistemaEmbarcadoRansac_mm_interconnect_0_avalon_st_adapter
SistemaEmbarcadoRansac_tb.SistemaEmbarcadoRansac_inst.mm_interconnect_0.avalon_st_adapter_005.error_adapter_0,SistemaEmbarcadoRansac_mm_interconnect_0_avalon_st_adapter_error_adapter_0
SistemaEmbarcadoRansac_tb.SistemaEmbarcadoRansac_inst.mm_interconnect_0.avalon_st_adapter_006,SistemaEmbarcadoRansac_mm_interconnect_0_avalon_st_adapter
SistemaEmbarcadoRansac_tb.SistemaEmbarcadoRansac_inst.mm_interconnect_0.avalon_st_adapter_006.error_adapter_0,SistemaEmbarcadoRansac_mm_interconnect_0_avalon_st_adapter_error_adapter_0
SistemaEmbarcadoRansac_tb.SistemaEmbarcadoRansac_inst.irq_mapper,SistemaEmbarcadoRansac_irq_mapper
SistemaEmbarcadoRansac_tb.SistemaEmbarcadoRansac_inst.rst_controller,altera_reset_controller
SistemaEmbarcadoRansac_tb.SistemaEmbarcadoRansac_inst_clk_bfm,altera_avalon_clock_source
SistemaEmbarcadoRansac_tb.SistemaEmbarcadoRansac_inst_parallel_data_in_bfm,altera_conduit_bfm
SistemaEmbarcadoRansac_tb.SistemaEmbarcadoRansac_inst_reset_bfm,altera_avalon_reset_source
SistemaEmbarcadoRansac_tb.SistemaEmbarcadoRansac_inst_sender_conduit_bfm,altera_conduit_bfm_0002
