<?xml version="1.0" encoding="UTF-8"?>
<preferences>
 <debug showDebugMenu="0" />
 <systemtable filter="All Interfaces">
  <columns>
   <connections preferredWidth="143" />
   <irq preferredWidth="34" />
  </columns>
 </systemtable>
 <library
   expandedCategories="Library/Basic Functions,Library/Interface Protocols,Library,Library/Basic Functions/On Chip Memory,Library/University Program/Bridges,Project,Library/Basic Functions/Bridges and Adaptors,Library/Qsys Interconnect,Project/Meus_Componentes,Library/University Program/Generic IO,Library/Qsys Interconnect/Memory-Mapped,Library/University Program/Communications,Library/Interface Protocols/Serial,Library/University Program" />
 <window width="1274" height="800" x="420" y="161" />
 <generation path="SistemaEmbarcadoRansac" />
</preferences>
