<?xml version="1.0" encoding="UTF-8"?>
<preferences>
 <debug showDebugMenu="0" />
 <systemtable filter="All Interfaces">
  <columns>
   <connections preferredWidth="127" />
   <irq preferredWidth="34" />
  </columns>
 </systemtable>
 <library
   expandedCategories="Library/DSP,Library/DSP/Primitive DSP,Library/Processors and Peripherals,Project,Library,Library/Processors and Peripherals/Co-Processors,Library/Processors and Peripherals/Co-Processors/Nios II Custom Instructions" />
 <window width="1355" height="800" x="361" y="69" />
</preferences>
